INSERT INTO `items` (`id`, `type`, `name`, `description`, `price`, `created_at`, `modified_at`) VALUES
	(1, 'h', 'Top Hat', 'Description', 20, '2018-10-02 22:24:10', '2018-10-02 22:24:10'),
	(2, 'h', 'Sprout', 'Description', 40, '2018-10-02 22:24:10', '2018-10-02 22:24:10'),
	(3, 'h', 'Propeller Hat', 'Description', 60, '2018-10-02 22:24:10', '2018-10-02 22:24:10'),
	(4, 'h', 'Halo', 'Description', 120, '2018-10-02 22:24:10', '2018-10-02 22:24:10'),
	(5, 't', 'Aspen Tree', 'Description', 10, '2018-10-02 22:24:10', '2018-10-02 22:24:10'),
	(6, 't', 'Street Lamp', 'Description', 40, '2018-10-02 22:24:10', '2018-10-02 22:24:10'),
	(7, 't', 'Sunflower', 'Description', 40, '2018-10-02 22:24:10', '2018-10-02 22:24:10'),
	(8, 't', 'Willow Tree', 'Description', 80, '2018-10-02 22:24:10', '2018-10-02 22:24:10'),
	(9, 'b', 'Pillow', 'Description', 10, '2018-10-02 22:24:10', '2018-10-02 22:24:10'),
	(10, 'b', 'Wooden Chair', 'Description', 40, '2018-10-02 22:24:10', '2018-10-02 22:24:10'),
	(11, 'b', 'Bed', 'Description', 80, '2018-10-02 22:24:10', '2018-10-02 22:24:10'),
	(12, 'l', 'Grassland', 'Description', 40, '2018-10-02 22:24:10', '2018-10-02 22:24:10'),
	(13, 'l', 'Crystal Cave', 'Description', 200, '2018-10-02 22:24:10', '2018-10-02 22:24:10'),
	(14, 'l', 'Tree Stump', 'Description', 400, '2018-10-02 22:24:10', '2018-10-02 22:24:10');

INSERT INTO `maps` (`id`, `user_id`, `land_id`, `tree_id`, `bed_id`, `type`) VALUES
	(1, 0, 13, 7, 11, 'npc'),
	(2, 0, 12, NULL, 11, 'npc');

INSERT INTO `shop` (`id`, `item_id`, `created_at`) VALUES
	(1, 1, '2018-10-02 22:24:10'),
	(2, 2, '2018-10-02 22:24:10'),
	(3, 3, '2018-10-02 22:24:10'),
	(4, 4, '2018-10-02 22:24:10'),
	(5, 5, '2018-10-02 22:24:10'),
	(6, 6, '2018-10-02 22:24:10'),
	(7, 7, '2018-10-02 22:24:10'),
	(8, 8, '2018-10-02 22:24:10'),
	(9, 9, '2018-10-02 22:24:10'),
	(10, 10, '2018-10-02 22:24:10'),
	(11, 11, '2018-10-02 22:24:10'),
	(12, 12, '2018-10-02 22:24:10'),
	(13, 13, '2018-10-02 22:24:10'),
	(14, 14, '2018-10-02 22:24:10');
